{"cameraMode":{"drawMode":0,"name":"Shaded","section":"Shading Mode"},"sceneLighting":false,"audioPlay":false,"sceneViewState":{"m_AlwaysRefresh":false,"showFog":true,"showSkybox":false,"showFlares":true,"showImageEffects":true,"showParticleSystems":true,"showVisualEffectGraphs":true,"m_FxEnabled":true},"in2DMode":false,"pivot":{"x":-0.6790010929107666,"y":0.8386672735214233,"z":0.18030208349227906},"rotation":{"x":-0.10946293920278549,"y":-0.679165780544281,"z":-0.10346217453479767,"w":0.7184125781059265},"size":2.2551651000976564,"orthographic":false}