{"cameraMode":{"drawMode":0,"name":"Shaded","section":"Shading Mode"},"sceneLighting":false,"audioPlay":false,"sceneViewState":{"m_AlwaysRefresh":false,"showFog":true,"showSkybox":false,"showFlares":true,"showImageEffects":true,"showParticleSystems":true,"showVisualEffectGraphs":true,"m_FxEnabled":true},"in2DMode":false,"pivot":{"x":-3.0655949115753176,"y":0.11284121870994568,"z":-0.6949133276939392},"rotation":{"x":0.004136803559958935,"y":-0.7077826857566834,"z":0.006160791032016277,"w":0.7064422965049744},"size":1.9534852504730225,"orthographic":false}