{"cameraMode":{"drawMode":0,"name":"Shaded","section":"Shading Mode"},"sceneLighting":false,"audioPlay":false,"sceneViewState":{"m_AlwaysRefresh":false,"showFog":true,"showSkybox":false,"showFlares":true,"showImageEffects":true,"showParticleSystems":true,"showVisualEffectGraphs":true,"m_FxEnabled":true},"in2DMode":false,"pivot":{"x":0.7717282772064209,"y":0.843214213848114,"z":0.7483312487602234},"rotation":{"x":0.025923723354935647,"y":0.4185870885848999,"z":0.011846952140331269,"w":-0.9077609181404114},"size":1.0252445936203004,"orthographic":false}