{"cameraMode":{"drawMode":0,"name":"Shaded","section":"Shading Mode"},"sceneLighting":false,"audioPlay":false,"sceneViewState":{"m_AlwaysRefresh":false,"showFog":true,"showSkybox":false,"showFlares":true,"showImageEffects":true,"showParticleSystems":true,"showVisualEffectGraphs":true,"m_FxEnabled":true},"in2DMode":false,"pivot":{"x":-0.07005345821380615,"y":0.986046552658081,"z":-0.12147313356399536},"rotation":{"x":-0.00510680815204978,"y":0.9519540667533875,"z":-0.3057871460914612,"w":-0.015898173674941064},"size":1.2308036088943482,"orthographic":false}