{"cameraMode":{"drawMode":0,"name":"Shaded","section":"Shading Mode"},"sceneLighting":false,"audioPlay":false,"sceneViewState":{"m_AlwaysRefresh":false,"showFog":true,"showSkybox":false,"showFlares":true,"showImageEffects":true,"showParticleSystems":true,"showVisualEffectGraphs":true,"m_FxEnabled":true},"in2DMode":false,"pivot":{"x":-11.675003051757813,"y":0.019989013671875,"z":-0.13000011444091798},"rotation":{"x":0.24096062779426576,"y":0.7036197185516357,"z":-0.27892789244651797,"w":0.6075116991996765},"size":15.691740036010743,"orthographic":false}